GOLD,EI,NS,FT,PJ,vacances,Passe-temps
INFP,I,N,F,P,"J'aime beaucoup voyager (que cela soit en France ou Ã  l'Ã©tranger). Le plus souvent je vais d'une ville Ã  une autre, mais quand je prÃ©fÃ¨re Ãªtre plus proche de la nature (montagne/ocÃ©an).  Pendant les vacances j'aime surtout me reposer et dÃ©connecter complÃ©tement : je ne veux plus penser au travail, Ã  la fac etc...","J'aime beaucoup Ã©crire, apprendre des langues Ã©trangÃ¨res, aller dans des cafÃ©s, voir mes ami.e.s, aller dans les musÃ©es... Faire du shopping aussi (fripes, librairie)."
ENFP,E,N,F,P,"Je prÃ©fÃ¨re les voyages de vacances non planifiÃ©s, je prÃ©fÃ¨re m'installer au bord de la plage et paresser, puis manger de la bonne nourriture, ou flÃ¢ner dans les musÃ©es d'art, et la plupart du temps, simplement partir, sans trop planifier !","Mes activitÃ©s prÃ©fÃ©rÃ©es sont la danse et le visionnage de documentaires, car la danse me donne un sentiment de libÃ©ration et me rend plus confiant, tandis que le visionnage de documentaires me permet de mieux comprendre la sociÃ©tÃ©, de prÃªter attention aux personnes et aux choses qui m'entourent et d'explorer des domaines dans lesquels je ne m'aventure pas normalement !"
INTJ,I,N,T,P,"aller dans des endroits / lieux visuellement beaux
visiter de grandes villes
essayer de se fondre dans la vie des locaux
chercher des souvenirs qui me permettront de me souvenir de ce voyage / vacances / expÃ©riences toute ma vie 
vivre des expÃ©riences en testant de nouvelles choses (cuisine, activitÃ© etc) 
faire / m'offrir des choses que je ne fais pas en temps normal (aller au spa, m'offrir des choses onÃ©reuses ...)

tout Ã§a pour crÃ©er une distance avec le quotidien, mon environnement habituel, pouvoir dÃ©connecter ","me promener dans Paris, faire les magasins, trouver de nouveaux concept stores, aller au cinÃ©ma, lire un livre, faire des mot-mÃªlÃ©s, faire du petsitting"
INFJ,E,N,F,P,"Partir dans un endroit que je ne connais pas, Ã§a peut Ãªtre en France comme en Europe, dans lâ€™idÃ©al en train ou au pire en voiture, pour moins polluer, et dÃ©couvrir les villes et aussi les zones plus reculÃ©es de ces endroits. Ce qui compte câ€™est de sâ€™imprÃ©gner du mode de vie local et de dÃ©couvrir la culture, la gastronomie etc. Tout en sâ€™amusant avec ses amis en sortant le soir dans les rues oÃ¹ goÃ»tant les alcools locaux par exemple. ","- les travaux manuels : acquÃ©rir une compÃ©tence pour pouvoir fabriquer quelque chose de moi mÃªme est quelque chose de trÃ¨s gratifiaient. Par exemple le crochet, le tricot, la broderie ou la couture. Des choses comme la calligraphie ou les origamis peuvent se rattacher Ã  cette catÃ©gorie. Souvent des activitÃ©s que je peux faire seule 
- apprendre de nouvelles choses, que Ã§a soit  dans le domaine mathÃ©matique ou mÃªme de nouveaux alphabets ou concepts philosophiques : me renseigner et sentir que jâ€™Ã©tende ma culture 
- sortir avec les amis/ voir ma famille pour me sentir entourÃ©e"
INTP,I,N,T,P,"Mon type de vacances prÃ©fÃ©rÃ© est lorsque je reste chez moi, dans ma ville. Je peux sortir quand je me sens l'envie de le faire et me reposer chez moi quand ma batterie sociale n'est pas encore chargÃ©e. Ce type de vacances pourrait paraÃ®tre plan plan mais quand on a un quotidien qui est chargÃ© de nouvelles idÃ©es et de beaucoup de stress, on ne rÃªve que d'une chose : se reposer, ne rien faire et ne rien penser.","J'apprÃ©cie Ã©normÃ©ment dÃ©couvrir (et donc regarder) de nouveaux films avec un humour un peu dÃ©calÃ© (comme Dumb et Dumber) ou un scÃ©nario extrÃªmement clichÃ©. Ces derniers me donnent une grande joie de vivre. J'aime aussi jouer aux jeux-vidÃ©os, je peux m'Ã©vader et aussi amÃ©liorer mes rÃ©flexes et ma logique."
ISFP,I,S,T,J,"Je prÃ©fÃ¨re Ãªtre avec les gens que je choisis plutÃ´t que d'aller dans les endroits que je choisis. Les pires types de vacances sont de suivre nos parents quand on est enfants et de visiter beaucoup de villes, de regarder des monuments etc. Je prÃ©fÃ¨re la tranquillitÃ© et passer du bon temps avec mes amis.","J'aime jouer aux jeux vidÃ©os car c'est un environnement virtuel dans lequel on peut progresser, il y a beaucoup de challenge tout en Ã©tant une activitÃ© sociale. Je joue aussi beaucoup aux Ã©checs, sur internet comme dans des tournois rÃ©els."
ENFJ,E,N,F,P,"RandonnÃ©e en bivouac, parce que Ã§a me permet de me dÃ©fouler, d'Ãªtre confrontÃ©e Ã  moi et de rencontrer plein de gens sympas. Et en plus Ã§a fait des supers histoires Ã  raconter ğŸ˜¸","La lecture, en particulier d'essais philosophiques ou de roman d'aventures parce que j'aime beaucoup en apprendre toujours plus sur l'expÃ©rience humaine. Le chant parce que j'aime utiliser mon corps comme un instrument qui peut produire de la joie et de la beautÃ©. La crÃ©ation artistique sous toutes ses formes pour la stimulation et le plaisir d'explorer le partage des expÃ©riences et des sens. La prise de parole en public, pour le fait de collecter des mots et des impressions qui flottent dans l'air et les partager avec le public."
ISTP,I,N,T,P,"Des vacances chez soi sans qu'il y est de chose Ã  faire, plus simplement, un long moment de repos oÃ¹ je n'ai pas besoin de rÃ©pondre aux besoins des autres. Et si j'ai envie, peut-Ãªtre sortir avec mes amies pour papoter un peu. ","Lire des romans et Ã©couter de la musique, ou sinon en ce moment j'aime bien jouer Ã  des jeux en rapport avec les maths. Les romans car je peux 'vivre' une autre vie ou bien en observer. La musique puisque c'est relaxant ? Et les maths car j'ai envie de faire bouger mon cerveau."
ISTJ,I,S,F,P,"Mon type prÃ©fÃ©rÃ© de vacances, c'est d'aller Ã  la plage, ne pas faire grandes choses, juste me reposer devant la mer, avec mes amis ou ma famille. On discute, on fait du sport, on mange, on rigole, on boit de l'eau de coco, de la biÃ¨re... Enfin, pendant au moins une semaine. On reste Ã  la plage pendant qu'il y a du soleil. Le soir, on se balade en ville, on part Ã  un bar, ou dans le marchÃ© de la ville pour voir les trucs artisanaux. Sans penser aux obligations du quotidien. On ne pense qu'Ã  ce moment-lÃ . C'est reposant, amusant. J'aime aussi la sensation de la peau brÃ»lÃ©e par le soleil et de devenir plus rose / rouge Ã  chaque minute.","Vu que je suis une personne trÃ¨s, trÃ¨s casaniÃ¨re, mes passe-temps prÃ©fÃ©rÃ©s sont liÃ©s Ã  Ãªtre chez moi : j'adore lire toute la journÃ©e, regarder un peu de sÃ©rie corÃ©enne, faire des trucs sains Ã  manger. Si jamais j'ai envie de sortir quelque part, je pars vers la Seine (oh, la chance ! On habite Ã  Paris !) pour voir cette belle ville, me promener sans presse avec mon copain, dÃ©couvrir les histoires de chaque coin et admirer l'architecture des immeubles."
INFJ,I,N,T,J,"Pendant les vacances, j'apprÃ©cie de voyager et d'Ã©changer avec mes amis proches et ma famille ; En contemplant les paysages pittoresques, ces moments de partage sont vÃ©ritablement pour moi une bouffÃ©e d'air frais face Ã  la complexitÃ© parfois accablante de la sociÃ©tÃ©.","Concernant mes passe-temps, j'aime bien regarder les sÃ©ries sur Netflix et m'octroyer souvent des moments de dÃ©tente au lit, surtout aprÃ¨s une journÃ©e chargÃ©e de cours intenses, parce que ces choses-lÃ  pourrait me recharger la batterie pour moi. 
De plus, j'aimerais pratiquer le tennis rÃ©guliÃ¨rement pour maintenir une bonne condition physique et Ã©vacuer un petit peu les tensions."
ENFJ,E,S,F,P,"Je prÃ©fÃ¨re avoir la possibilitÃ© de passer plus de temps avec ma famille et mes amis en jouant aux jeux de sociÃ©tÃ©, en discutant, en faisant de la barbecue.
Je voudrais bien voyager au bord de la mer pour accumuler du solei d'Ã©tÃ© ou passer le temps dans un hotel avec des fÃªnetres panaromiques donnant sur les sapins enneigÃ©s.
Je prÃ©fÃ¨re des activitÃ©s absolument diffÃ©rentes : calmes et chaleureuses comme la lecture avec du thÃ© ou du cafÃ© Ã  cÃ´tÃ© et la visitÃ© des musÃ©es et des thÃ©Ã¢tres, et actives et Ã©nergivores comme le jogging, le badminton, le voleyball ou des jeux avec ma petite soeur et mon petit neveu :) ","Il y en a beaucoup !
- faire du sport (du jogging, jouer au volleyball et au badminton) ;
- apprendre des langues Ã©trangÃ¨res (je suis un grand fan de cela) ;
- lire des livres ;
- regarder des films ;
- visiter des musÃ©es et des thÃ©Ã¢tres ;
- regarder des vidÃ©os humoristiques ;
- faire des blagues ;) ;
- Ã©couter de la musique ;
- parler avec mes amis et ma famille ;
- coudre des vÃªtements ;
- ensiegner le franÃ§ais."
INFP,E,N,F,P,"Les vacances, pour moi, sont synonyme dâ€™aventure plus que de repos. Que ce soit en randonnÃ©e dans les montagnes ou en van pour dÃ©couvrir de nouvelles contrÃ©es, jâ€™aime lâ€™exploration et la dÃ©couverte ainsi que cette sensation de vivre quelque chose de fort. Jâ€™ai besoin de sentir cette libertÃ© et cet enthousiasme vif procurÃ© par la proximitÃ© avec la nature et la dÃ©couverte dâ€™endroits magnifiques. Dans ces moments, je me sens privilÃ©giÃ©e de pouvoir vivre cette expÃ©rience, dâ€™autant plus lorsquâ€™il se passe des choses qui sortent du commun. Par exemple, apercevoir un animal sauvage ou un phÃ©nomÃ¨ne naturel inattendu (comme un spectre de Brocken ou un arc-en-ciel) est une source dâ€™Ã©merveillement. Jâ€™aime aussi le hasard des rencontres, les moments de bontÃ© et de partageÂ ; mÃªme si les personnes sont plus ou moins sympathiques, jâ€™ai tendance Ã  dire oui Ã  leurs propositions pour dÃ©couvrir lâ€™univers sur lesquelles elles dÃ©bouchent. Lâ€™activitÃ© physique et la prise de risque (enfin, juste un peu) sont Ã©galement importantes pour moi car elles sont stimulantes. En bref, jâ€™aime avoir lâ€™impression que je vis quelque chose dâ€™incroyable, cela vient me nourrir Ã  lâ€™intÃ©rieur. Au contraire, lorsque je ne fais rien de mes vacances, je me sens frustrÃ©e, comme si je gÃ¢chais mon temps et que je passais Ã  cÃ´tÃ© de quelque chose.","Jâ€™ai plutÃ´t besoin de diversitÃ© dans ma vie, si bien que jâ€™aime alterner entre des passe-temps de diffÃ©rents types. Jâ€™aime beaucoup me promener dans la nature, pour le cÃ´tÃ© apaisant et vivifiant que cela apporte. Jâ€™aime passer du temps avec mon copain, avoir des discussions profondes avec lui, des moments drÃ´les, des instants sensuels, car tout cela me nourrit beaucoup et me fait me sentir connectÃ©e Ã  lui. Câ€™est important pour moi dâ€™avoir des espaces oÃ¹ je peux parler de faÃ§on intime et sincÃ¨re, pour partager des expÃ©riences, des Ã©motions, notre intÃ©rioritÃ©. Jâ€™apprÃ©cie aussi de plus en plus sortir avec dâ€™autres groupes dâ€™amis, pour me sentir intÃ©grÃ©e dans une sorte de tout et me laisser porter par lâ€™Ã©nergie du groupe, comme si jâ€™Ã©tais en immersion. Jâ€™ai toutefois du mal Ã  Ãªtre complÃ¨tement spontanÃ©e, parfois. En ce moment, jâ€™aime Ã©galement faire du thÃ©Ã¢tre dâ€™improvisation, ce qui me permet de gagner en confiance en moi, de vivre mon imaginaire et de partager des moments drÃ´les en groupe. Mais, Ã  cÃ´tÃ© de tout cela, jâ€™ai Ã©galement besoin dâ€™avoir des moments seule, oÃ¹ je peux me mettre dans ma bulle et ne mâ€™occuper que de moi, sans regard extÃ©rieur. Dans ces moments-lÃ , jâ€™aime cuisiner, Ã©crire ou jouer Ã  des jeux en ligne. Enfin, jâ€™aime beaucoup les animaux, notamment les chats, et je peux passer beaucoup de temps Ã  jouer avec eux ou Ã  leur faire des cÃ¢lins, comme si cela crÃ©ait une forme de symbiose."
INFP,I,S,F,P,"Je prÃ©fÃ¨re les vacances oÃ¹ je peux rester chez moi et juste lire et regarder des sÃ©ries en paix. Appeler mes amies pendant des heures, vivre la nuit. J'aime bien aussi faire des activitÃ©s comme aller Ã  la piscine et tout, mais je trouve Ã§a trÃ¨s mentalement fatigant. ",J'adore faire de l'escalade. J'aime aussi beaucoup dessiner mÃªme si je dessine pas souvent. Je fais un peu de photographie (mal). Mais sinon je passe la plupart de mon temps libre Ã  lire ou Ã  regarder des sÃ©ries/films/anime. 
ENFP,E,N,F,J,"J'aime bien avoir une liste variÃ©e d'activitÃ©s ou d'endroits Ã  visiter, je veux pouvoir dÃ©couvrir la ville ou le pays que je visite sous tous ses angles. De prÃ©fÃ©rence je prÃ©fÃ¨re toujours avoir au moins un lieu culturel (musÃ©e par exemple), plusieurs paysages Ã  voir et Ã  prendre en photo, des restaurants qui servent de la nourriture locale et dans l'idÃ©al un parc d'attraction. Je prÃ©fÃ¨re d'ailleurs voyager avec au moins un.e ami.e, je voyage trÃ¨s rarement toute seule parce que je pense que je m'amuse beaucoup plus accompagnÃ©e. Pour finir, je n'ai pas vraiment de prÃ©fÃ©rence sur le type d'endroit que j'aime visiter, je peux m'amuser tant en ville qu'Ã  la mer.","1. Agrandir ma culture cinÃ©matographique; Je suis passionnÃ©e par le cinÃ©ma et j'Ã©tudie d'ailleurs un master dans ce milieu.
2. L'astronomie; J'adore tout ce qui est liÃ© Ã  l'espace et pas un jour ne passe sans que je ne consomme du contenu liÃ© Ã  l'astronomie que Ã§a soit des documentaires, des tweets, des posts Instagram, feuilleter mes manuels, etc.
3. Sortir avec mes amis; Il n'y a rien qui me remonte le moral et mon niveau d'Ã©nergie plus que de voir mes amis, c'est une vraie source de sÃ©rotonine pour moi."
ENTJ,I,N,T,P,"Aller dans un pays avec une grande histoire, pour visiter des ruines, des monuments et dÃ©couvrir des cultures diffÃ©rentes. Tout en profitant du soleil et de la plage bien sÃ»r. Ã‡a m'aide Ã  me dÃ©connecter du quotidien et de vraiment me relaxer.","J'ai beaucoup de passe-temps, j'aime lire, Ã©crire, jouer Ã  des jeux vidÃ©os, faire du shopping, cuisiner, etc... La liste est longue. Je m'intÃ©resse Ã  tout parce que je trouve Ã§a dommage de se cantonner Ã  un seul domaine. Je suis assez curieuse de nature, j'aime dÃ©couvrir de nouvelles choses, alors si elles peuvent me servir au quotidien c'est meilleur."
INTJ,I,N,T,P,"Le road trip. Lâ€™idÃ©al serait de louer une voiture dans un pays avec du relief (Islande, Italie du nord, Iran, PÃ©rou) et de rouler tout droit tout en sâ€™arrÃªtant lorsque lâ€™on perÃ§oit un Ã©lÃ©ment du paysage intÃ©ressant.",Le sport car jâ€™aime la compÃ©tition. La musique et lâ€™Ã©criture car jâ€™aime crÃ©er avec lâ€™intention que cela puisse servir Ã  inspirer dâ€™autres personnes derriÃ¨re. 
INFJ,I,N,F,P,"Restez chez moi Ã  lire et jouer avec mes proches ( chÃ©ri, colocataires, chats, chiens) Jâ€™adore passer du temps calme loin du bruit de la ville,
pourquoi pas la montagne si je devais choisir un lieu","Jâ€™adore lire, ecouter de la musique, jouer aux jeux videos, me renseigner sur la gÃ©opolitique 
Jâ€™adore faire la cuisine, faire le mÃ©nage
toutes ces choses me dÃ©tendent, mâ€™aident Ã  passer le temps. me renseigner sur lâ€™Ã©tat actuel du monde me permet dâ€™avoir quand mÃªme une attache au rÃ©el "
ENFJ,I,N,F,P,"Paysage avec plage, visites culturelles (musÃ©es), cuisine locale etc",Lâ€™art : pratique et visite dâ€™exposition
ESFP,E,S,F,P,DÃ©couverte de lieu et de lâ€™histoire de lieux et rencontre avec les locaux aussi flemme aller juste devant une plage bleu je veux mâ€™imprÃ©gner de lâ€™espace et de la dÃ©couverte ,Jâ€™en ai pas spÃ©cialement jâ€™aime pas rester chez moi donc tout ce qui se passe a lâ€™extÃ©rieur me convient que ce soit sortir avec des amis allez au cinÃ©ma manger dehors etc jâ€™aime Ãªtre entourer câ€™est mon passe temps favoris
ISFP,I,N,F,P,"Mon type de vacances prÃ©fÃ©rÃ© est la campagne, j'aime explorer la nature et Ãªtre en contact avec mes sens ","Mes passe temps : La cuisine, la peinture, regarder des sÃ©ries 
J'aime tout ce qui est manuel et qui touche Ã  ma crÃ©ativitÃ© et qui correspond Ã  mes valeurs personnelles"
ENFP,E,N,F,P,"Les vacances Â«Â club medÂ Â» ne mâ€™intÃ©ressent pas. Jâ€™aime dÃ©couvrir la vie, les coutumes et les habitudes des locaux. Je prÃ©fÃ¨re les pays chaud, la proximitÃ© avec le soleil, la mer, les lacs, la nature et les montagnes ! ","Jâ€™adore apprendre de nouvelles choses, jâ€™ai constamment besoin que mon cerveau soit stimulÃ©, par des Ã©motions, des sensations, du savoir, du contact. Sinon, je me sens lÃ©gÃ¨rement dÃ©primÃ©e, vide. Ainsi, jâ€™aime beaucoup la littÃ©rature, lâ€™histoire la gÃ©opolitique/ gÃ©ographie, LA POÃ‰SIE !!!! La peinture, les activitÃ©s artistiques, la philosophie Ã©galement. Jâ€™ai une vrai passion pour le romantismeâ€¦. "
INFJ,I,N,F,J,"Durant mes vacances, jâ€™aime rester chez moi afin de me reposer et recharger mes batteries. GÃ©nÃ©ralement quand je pars en vacance, au bout dâ€™une journÃ©e, je mâ€™epuise et ressens lâ€™envie de rentrer ! (non promis je ne suis pas aigrie ahah)","Pareil que prÃ©cÃ©demmentâ€¦ Me reposer, dormir, lire, chanter, rÃ©viserâ€¦ RÃ©aliser toutes ces activitÃ©s dans ma chambre que je considere comme Ã©tant mon safe place ! Ce sont gÃ©nÃ©ralement mes passes temps prÃ©fÃ©rÃ©s puisquâ€™ils se font dans le calme, seul(e) et que je peux recharger ma batterie sociale/mentale !"
INTJ,I,N,T,P,Mon type de vacance de rÃªve serait dâ€™aller dans un pays Ã©tranger pour oublier le stress que mâ€™apporte mon quotidien en France. Je suis coincÃ©e dans une routine alors jâ€™aimerais bien faire des activitÃ©s qui mâ€™apportent de lâ€™adrÃ©naline car jâ€™ai une vie assez ennuyante..,"Jâ€™aime beaucoup lire des romans philosophiques comme Dostoevsky, puis je fais de la poterie et du Pilates quand lâ€™envie mâ€™en prendâ€¦ Jâ€™aime aussi sortir avec mes amis en faisant des pique nique ou en dÃ©couvrant de nouveaux restaurant avec eux. Ce sont des petites choses qui me permettent de rester connectÃ© Ã  moi mÃªme et Ã  mon entourage car câ€™est important de se cultiver soi et de se retrouverâ€¦"
INFJ,I,N,T,J,"Jâ€™aime beaucoup voyager Ã  lâ€™Ã©tranger, mes vacances idÃ©ales se passeraient donc dans un pays que je nâ€™ai jamais visitÃ© oÃ¹ les gens parlent une autre langue et ont une culture trÃ¨s diffÃ©rente de la mienne. Jâ€™aime visiter des monuments historiques, des musÃ©es, des lieux de culte. Jâ€™aime aussi voir de beaux paysages donc je ne suis pas contre une promenade ou randonnÃ©e dans la nature. Et jâ€™adore dÃ©couvrir des plats traditionnels que je nâ€™ai pas lâ€™occasion de manger en France. ","Mes passe-temps prÃ©fÃ©rÃ©s sont la photographie, lâ€™Ã©criture et la musique. Jâ€™ai appareil photo depuis 2016, jâ€™ai commencÃ© avec de la photo de paysage et je fais beaucoup de portraits (fashion week) et de photos de voyage aujourdâ€™hui. Jâ€™Ã©cris pour le travail, câ€™est mon mÃ©tier de rÃ©diger des articles et autres documents en ligne. Mais jâ€™Ã©cris aussi Ã  titre personnel quand jâ€™ai le temps, je ne pense pas me faire publier un jour mais jâ€™adore crÃ©er des univers et des personnages. Enfin, jâ€™Ã©coute de la musique tous les jours, jâ€™aime beaucoup dÃ©couvrir de nouveaux artistes, aller Ã  des concerts et danser. Jâ€™aimerais reprendre la danse en Ã©cole dÃ¨s que ma situation financiÃ¨re me le permettra dâ€™ailleurs. "
ENFP,E,N,F,P,"des vacances reposante mais pas seulement bahahaha en vrai jâ€™aime bien juste bronzer sur la place par exemple mais je sais que jâ€™ai aussi besoin de sortir, voire du monde dâ€™avoir un minimum de sociabilitÃ© mÃªme si je suis timide je pense que je suis plus ambivert câ€™est a dire que jâ€™ai besoin de sortir et de ne pas rester enfermÃ© toute la journÃ©e sinon je me sens mal et culpabilise alors je prend sur moi des fois !!
alors sortir avec des amis, musÃ©e, pique niques, dÃ©couvrir ville ou village que je ne connais pas me plaÃ®t!!;)","sincÃ¨rement je ne pense pas avoir de de passe temps favoris mais disons que jâ€™ai besoin dâ€™avoir une sorte de Â«Â passionÂ Â» pour vivre bahaha je sais pas comment expliquer mais jâ€™ai besoin dâ€™une obsession câ€™Ã©tait Ã  dire une musique, sÃ©riesâ€¦ alors en ce moment câ€™est la kpopâ€¦mais je veux dire ducoup mon passe temps prÃ©fÃ©rÃ© serait Ã©couter de la musique? parler et sortir avec des amis qui on les meme centre dâ€™interÃªt que moi :)"
INFJ,I,N,F,J,"Pour moi, aller en vacances me permet de faire une pause dans ma petite routine anxiogÃ¨ne dâ€™Ã©tudiante. Alors dÃ¨s que je nâ€™arrive plus Ã  suivre, je fuis. Peut importe, le lieu, si câ€™est seulement 1 week-end ou 1 mois. Jâ€™aime voyager seule et me sentir dÃ©paysÃ©e. DÃ©couvrir la nourriture locale, les jolis paysages offerts par la nature, flÃ¢ner dans les rues. Voir les lieux historiques et culturels, visiter des expos etc. Jâ€™aime Ã©galement la mode alors je suis obligÃ© dâ€™acheter une tenue de lÃ  oÃ¹ je me trouve, et visiter les librairies. Acheter Ã©galement des souvenirs pour mes proches. Jâ€™ai quand mÃªme ce besoin de faire une pause oÃ¹ je reste Ã  la maison/hÃ´tel juste pour me reposer et lire un livre par exemple.","Jâ€™ai certaines phases oÃ¹ je prÃ©fÃ¨re les activitÃ©s intÃ©rieurs, lire, broder, regarder une sÃ©rie, peindre. Jâ€™aime beaucoup Ã©crire, et organiser toute ma vie dans des carnets, je passe des heures Ã  utiliser Notion car jâ€™adore avoir le contrÃ´le sur tout; et diriger tout Ã  ma maniÃ¨re. Mais il mâ€™arrive dâ€™adorer sortir faire la fÃªte avec un cercle restreint dâ€™amis, dÃ©penser mon argent dans des vÃªtements. Jâ€™adore offrir des cadeaux et cuisiner pour mes proches, câ€™est une maniÃ¨re pour moi dâ€™exprimer mon amour. Dâ€™ailleurs, jâ€™exprime mon amour en organisant la vie de mes proches, jâ€™aime les aider dans leurs tÃ¢ches dont ils ont du mal Ã  faire, comme faire leur emploi du temps, leur to-do list, un peu comme un parent le ferait Ã  son enfant. "
ENTP,E,S,T,J,"Ã‡a dÃ©pend de l'annÃ©e et de la quantitÃ© de travail. Je ne suis pas fan de grand voyages Ã§a ne me dÃ©range pas de ne pas quitter le pays mais j'aime Ãªtre avec mes amis proches , donc une petite location avec un groupe de 5-6 amis tant que c'est des personnes qui savent respecter les limites de mo' environnement c'est parfait. IdÃ©alement s'il y avait une plage aussi Ã§a serait bien. Je ne suis pas fan des activitÃ©s culturelles (visiter un musÃ©e monument etc) en groupe c'est le genre de chose que je prÃ©fÃ¨re faire seule donc en vacances en groupe je tendrait d'avantage Ã  juste chill chez nous ou dehors ou Ã  la plage ","Je n'aime rien faire
J'ai fait 3 instruments je dessine (assez bien) je lis mais uniquement pour m'instruire (d'oÃ¹ le fait que je ne lise que de la philo) j'ai pratiquÃ© plusieurs sports
Je ne prend plaisir Ã  rien en particulier mais je me force Ã  faire ces choses pour avoir l'occasion de m'en vanter mdr "
INFP,I,N,F,P,"Pour moi, nâ€™importe quoi est suffisant tant que je suis dÃ©paysÃ©e et que bien sÃ»r, je nâ€™ai rien qui me pÃ¨se sur les Ã©paules pour profiter au max. Aller par exemple Ã  la montagne ou mon mode de vie fait un tour de 180 degrÃ©, câ€™est pile ce que jâ€™aime, ou alors dans un pays Ã  lâ€™autre bout du monde ou la culture est complÃ¨tement diffÃ©rente (tant que câ€™est pas sur une Ã®le coupÃ©e du monde nâ€™abusons pas). Enfin bref, un endroit oÃ¹ je peux couper ma vie de ce quâ€™elle est vraiment et vivre comme une nouvelle personne, en rencontrant de nouvelles personnalitÃ©s etc et me lÃ¢cher malgrÃ© ma personnalitÃ© timide, câ€™est parfait.","Jâ€™aime tout ce qui se rapporte lâ€™art car Ã§a me donne lâ€™impression dâ€™avoir un sens Ã  ce que je suis, jâ€™aime lire et Ã©crire, que ce soit des textes simples, des poÃ©sies, ou des chansons, jâ€™aime dessiner et peindre, jâ€™aime coudre bien Ã©videmment car avec en accord avec lâ€™art, la mode et la haute couture est ma premiÃ¨re passion depuis toujours, jâ€™aime aussi danser, chanter et rapper (le rap en tout premier, car Ã§a permet de mâ€™exprimer dâ€™autant plus quâ€™il faut produire la chanson en entier), enfin bref, jâ€™aime ce qui ne me limite Ã  rien."
INTJ,I,N,F,P,"Quand je peux voyager et dÃ©couvrir un nouveau lieu, oÃ¹ me reposer avec des promenades et visiter de nouveaux lieux comme un musÃ©e et parfois ne rien faire aussi ","Lire des romans, des mangas ou des essais, je fais du hip-hop, me promener et voir mes potes !"
ENFP,E,N,F,P,"j'aime les vacances en bord de mer, dans les pays mÃ©diterranÃ©ens. pour moi les vacances goals c'est des journÃ©es plages, des sorties culturelles (genre visiter le pays/les monuments) et des soirÃ©es chill","Lire, regarder des sÃ©ries/films, faire des friperies, sortir avec des amies, Ã©couter de la musique"
ISFJ,I,S,F,P,"Mes types de vacances prÃ©fÃ©rÃ©s sont les vacances oÃ¹ on se balade pour dÃ©couvrir des lieux oÃ¹ des paysages. Ce que j'aime, c'est la dÃ©couverte. Je ne pense pas qu'aller en vacances au mÃªme endroit soir quelque chose qui m'irait ",Mes passes temps favoris sont la lecture (notemment la lecture de manga) et le tir Ã  l'arc. La lecture car j'aime beaucoup lire et j'aime beaucoup les manga et le tir Ã  l'arc car c'est un sport qui me plaÃ®t Ã©normÃ©ment 
INFJ,I,N,F,J,"Pour moi mes vacances prÃ©fÃ©rÃ©es, câ€™est vraiment Ãªtre dÃ©connectÃ©, loin de tout, pas forcÃ©ment partir juste Ãªtre tranquille chez moi suffit. De prÃ©fÃ©rence seule pour pouvoir me ressourcer Ã  100%, car câ€™est le seul moment oÃ¹ je peux arrÃªter de penser au travail, Ã  mes problÃ¨mes et surtout le seul moment ou je nâ€™absorbe pas les Ã©motions des autres et Ãªtre constamment entrain de mettre des barriÃ¨res pour me protÃ©ger. Les vacances pour moi câ€™est vraiment souffler, et un ressourcement, Ãªtre devant netflix, chill avec mon thÃ© mes couvertures câ€™est des vacances ou alors prendre du temps pour moi. Je suis trÃ¨s sensible au monde extÃ©rieur et aux individus, et chaque jour je suis Ã©puisÃ©e par ce que je ressens intÃ©rieurement câ€™est pourquoi Ãªtre seule pour moi câ€™est des vacances :)","Mes passe-temps prÃ©fÃ©rÃ©s, en tout premier je dirais la danse, câ€™est une de mes passion depuis que jâ€™ai 5 ans, jâ€™ai jamais arrÃªtÃ© et jâ€™ai tester beaucoup de styles diffÃ©rents, pour moi qui suis sensible câ€™est un moyen dâ€™exprimer mes Ã©motions par lâ€™art quâ€™est la danse. AprÃ¨s jâ€™aime Ã©normÃ©ment lire, notamment pour le cÃ´tÃ© Ã©chappatoire, jâ€™ai Ã©normÃ©ment lu lors dâ€™une pÃ©riode difficile de ma vie et quelque part Ã§a mâ€™a sauvÃ©, partir dans un autre univers, câ€™Ã©tait un moyen dâ€™oublier ce qui mâ€™entourer et toutes mes difficultÃ©s du moment. Sinon, jâ€™apprÃ©cie Ã©normÃ©ment la musique, pour moi Ã§a mâ€™accompagne pour chaque activitÃ©s du quotidien, le mÃ©nage, faire Ã  manger et mÃªme lire, pour moi une vie sans musique je trouve Ã§a fade. Puis en ce moment jâ€™aime Ã©normÃ©ment jouer aux jeux vidÃ©os, comme Genshin Impact ou Zelda qui ont des graphismes et un univers super bien rÃ©alisÃ©, ou alors animal crossing pour des moments dÃ©tentes, les jeux vidÃ©os câ€™est une activitÃ© aussi que je partage avec des amis et câ€™est agrÃ©able dâ€™Ãªtre en collectif Ã§a me change. Je pense que ce sont mes quatre passe-temps principaux :)"
INFJ,I,N,F,J,"je prÃ©fÃ¨re passer des vacances de Â«Â dÃ©couverteÂ Â», câ€™est-Ã -dire visiter le pays tout en apprenant la culture de sa population car je trouve quâ€™il nâ€™y a pas plus belle faÃ§on de voyager que celle-ci 
les vacances Â«Â dÃ©tenteÂ Â», on va dire, ne mâ€™intÃ©ressent vraiment pas ou alors cela constituera seulement un laps de temps trÃ¨s court sur la totalitÃ© de mon voyage","mes passe-temps prÃ©fÃ©rÃ©s sont regarder des sÃ©ries (et quelques fois des films), la lecture, les sorties entre copines et en particulier lorsquâ€™on se promÃ¨ne Ã  pieds quelque part (peu importe lâ€™endroit ce qui importe ce sont surtout les personnes), mais Ã©galement lâ€™apprentissage comme celui dâ€™une nouvelle langue ou dâ€™un domaine nouveau tel que lâ€™astronomie, la gÃ©opolitique ou encore lâ€™histoire !"
INTP,I,N,T,J,Soit 3/4 jours avec plein de visites de dÃ©couvertes   soit 1/2/3 semaines sans vraiment sortir de l'endroit oÃ¹ je suis et vivre une vie tranquille  se faire Ã  manger dormir lire en compagnie d' amis oÃ¹ seule ,Visiter apprendre de nouvelles choses ou lire . Lire est mon activitÃ© prÃ©fÃ©rÃ©e de tout les temps 
INTP,I,N,F,P,"Je prÃ©fÃ¨re explorer au maximum, c'est-Ã -dire visiter le pays, si possible plusieurs villes, des musÃ©es des endroits insolites etc. Je prÃ©fÃ¨re la ville Ã  la plage personnellement, et je prÃ©fÃ¨re avoir des activitÃ©s tous les jours plutÃ´t que de rester allongÃ©e sur un transat et prendre le soleil. GoÃ»ter la nourriture locale est trÃ¨s important aussi. Je veux m'imprÃ©gner au maximum de la culture et du pays visitÃ©, et ne pas rester cloÃ®trÃ©e ou isolÃ©e en profitant juste de leur beau temps ou autre, je trouve Ã§a inutile, on peut faire Ã§a en restant en France. ","J'aime regarder des films, des sÃ©ries, dessiner, faire du punch needle, aller sur les rÃ©seaux sociaux (beaucoup trop malheureusement), j'adore YouTube aussi. Je suis plus portÃ©e sur l'art. J'essaie de lire des livres quelquefois mÃªme si c'est compliquÃ© de rester concentrÃ©e, j'aime beaucoup aussi les mangas et les BDs (eux sont plus faciles Ã  lire pas de problÃ¨me de concentration). J'adore aller au cinÃ©ma quand je peux. "
INFJ,I,N,T,J,"J'aime les vacances oÃ¹ je peux me reposer et vivre des aventures en mÃªme temps, avec mes amies Ã§a serait idÃ©al!! Mes vacances rÃªvÃ©es se ferait Ã  l'Ã©tranger avec elles, et Ã©videmment tout serait organisÃ© - j'aime que tout soit prÃªt au dÃ©tail prÃ¨s mÃªme si je sais pertinemment que personne ne suivra mon plan. J'aime faire au prÃ©alable une liste des lieux Ã  visiter (si possible moins connus et plus proches des locaux) et prÃ©voir les repas Ã  tester, les magasins Ã  faire absolument etc 
En rÃ©alitÃ© je prÃ©pare tout pour Ã©viter d'avoir des grosses situations d'embarras oÃ¹ on se retrouverait sans logement pour la nuit par exemple, Ã§a m'angoisserait Ã©normÃ©ment ","Je n'ai pas de passe-temps favori, j'aime juste faire plein de petites choses Ã  la fois. J'aime bien dessiner/griffonner, Ã©crire sur ma vie comme si c'Ã©tait un roman, Ã©couter de la musique et dÃ©couvrir de nouveaux artistes si possible, sinon je regarde aussi Ã©normÃ©ment de sÃ©ries/animes/films car chaque histoire m'inspire quelque chose de diffÃ©rent, j'aime Ãªtre marquÃ©e Ã©motionnellement par le contenu que je regarde. 
J'ai tendance Ã  Ãªtre assez matÃ©rialiste alors j'aime aussi collectionner - au collÃ¨ge je collectionnais les poupÃ©es de collection en vinyle et les mangas, et maintenant je me suis plus axÃ©e dans la collections de photocards de kpop. Plus rÃ©cemment j'ai commencÃ© Ã  collectionner les Petit Block qu'on peut retrouver Ã  Daiso (ce sont des petits jouets Ã  construire comme les Lego un peu mais en plus compliquÃ©) "
ENFP,I,N,F,P,"Sinon concernant mes vacances , dans l'idÃ©al voyager c'est un goal. Sortir de chez moi , dÃ©couvrir avec des proches. Mais j'ai vraiment envie que Ã§a reste chill, j'aime beaucoup les randonnÃ©es. 

J'aime aussi mon confort, j'ai vraiment pas envie d'Ãªtre entourÃ© de trop de personnes a la fois. Donc rentrer chez moi c'est quelque chose que j'aime beaucoup car flemme de voir les gens ... MÃªme des amis. Je deviens aigri et ils me saoulent au bout d'une semaine maximum. Mais bouger pour aller bien c'est OBLIGATOIRE. ","Les Ã©checs, jeux de stratÃ©gie sociale (Survivor , The Genius , Big Brother ) sur internet. L'aspect stratÃ©gique et de crÃ©er des alliances avec diffÃ©rentes personnes , s'adapter etc ... Pour avoir le meilleur jeu possible et aller le plus loin possible c'est vraiment une passion a un moment. AprÃ¨s c'est vraiment prenant mentalement, tu joues sur 2/3/4 mois pour une saison. Donc c'est pas quelque chose que je fais trop rÃ©guliÃ¨rement. Mais essayer de lire chez les Ã©motions/intentions des autres c'est super intÃ©ressant. Sinon je joue du piano/apprends le crochet a cÃ´tÃ© en + de cela. J'aime beaucoup les jeux vidÃ©os aussi (Visual Novel surtout ). Le maquillage me permet aussi d'amÃ©liorer ma crÃ©ativitÃ© donc j'adore aussi "
INFJ,I,N,T,J,"Je prÃ©fÃ¨re les vacances oÃ¹ je peux aussi bien me reposer que de dÃ©couvrir des nouvelles choses (animaux, activitÃ©s du coin, culture, etc.) que des nouveaux lieux, notamment des lieux historiques (musÃ©es, chÃ¢teaux, etc.). Se reposer c'est cool un moment de la journÃ©e mais j'aime trop apprendre pour ne rien faire d'autre. J'aime aussi faire des activitÃ©s sportives, j'aime bouger en fait. Me reposer et bouger sinon je m'ennuie et je considÃ¨re que je perds mon temps. Le mot de mes vacances prÃ©fÃ©rÃ©es c'est : dÃ©couverte ","J'aime lire, que ce soit pour m'Ã©vader ou pour apprendre, j'aime faire du sport pour repousser mes limites et devenir meilleure qu'hier, j'aime me balader et regarder la nature autour de moi (le changement de saison c'est incroyable). J'aime apprendre de maniÃ¨re gÃ©nÃ©rale donc je fais des recherches sur des sujets qui m'intÃ©ressent (articles, livres, vidÃ©os, podcasts). Et j'Ã©coute Ã©normÃ©ment de musique. J'adore tout ce qui touche Ã  l'art de maniÃ¨re gÃ©nÃ©rale et le pratiquer (peinture, musique, maquillage, Ã©criture)

En espÃ©rant que Ã§a aidera, bon courage ! "
INFP,I,N,F,P,Ce n'est pas par rapport aux vacances mais en gÃ©nÃ©ral je ne prÃ©vois pas forcÃ©ment de faire quelque chose de spÃ©cifique je vois en fonction de mes envies ,"J'aime rester chez moi Ã  vaquer Ã  mes occupations ( Ã‰couter de la musique, jeux vidÃ©os, regarder des sÃ©ries ect) "
INTJ,I,N,T,J,"Je pense que je prÃ©fÃ©rerais les vacances Ã  la mer (je supporte mieux la chaleur que le froid et câ€™est mieux pour montrer que je fais du sport) mais dans la rÃ©alitÃ© je ne pars pas en vacances (jâ€™suis pauvre) soit je reste chez moi Ã  me divertir et dormir soit je vais chez mes grands-parents, et Ã§a me va trÃ¨s bien aussi.","Je passe mon temps Ã  lire et regarder des films pour avoir une culture suffisante et pouvoir tenir une conversation dans ces domaines, je joue aux jeux vidÃ©os pour passer du temps avec mes potes qui habitent loin et je fais de la musique pour mâ€™exprimer tout en pratiquant un art. "
ENTJ,E,N,F,P,"Mon type de vacances prÃ©fÃ©rÃ©e est plutÃ´t de visiter une petite ville seule avec une plage. En prenant des photos, essayant tout type de plats et de pouvoir Ã©couter ma musique tranquillement. Et aussi rencontrer des nouvelles personnes par hasard pour ne plus les revoir. Lâ€™idÃ©al aussi ce serait de pouvoir me reposer.","Mes passe-temps favoris sont dormir, Ã©couter de la musique, sortir prendre lâ€™air et faire du shopping, boire du thÃ© avec des amies en parlant de gossip. "
INFP,I,N,T,P,"J'aime voyager avec un ami ou une amie dans d'autres villes ou dans un autre pays. Mes pays prÃ©fÃ©rÃ©s sont le Japon, la NorvÃ¨ge et le Pays-Bas.","En gÃ©nÃ©ral, j'aime lire les livres psychologiques, science-fiction ou les romans, parce qu'ils sont enrichissants et pourraient m'apporter des connaissances, des pensÃ©es sur le monde et sur moi-mÃªme, et des fantaisies. J'aime aussi me promener avec un ami ou une amie dans un parc oÃ¹ il n'y a pas beaucoup de gens. Quand je suis seule, je prÃ©fÃ¨re faire un peu de sport et regarder tranquillement un dessin animÃ©."
ENTP,E,N,T,P,"J'aime bien partir en voyage pendant les vacances, surtout a l'Ã©tranger. Comme le dit Rimbaud, la vie est ailleurs, d'aprÃ¨s moi, un long voyage constitue une rupture de la vie quoditienne, ce qui m'aide Ã  chercher la signification de lâ€™existence. Autrement dit, le voyage me montre des diverses possibilitÃ©s du mode de vivre, ce qui mâ€™enseigne le fait que, des habitudes alimentaires Ã  la morale sociale, des personnes qui vivent dans diffÃ©rentes rÃ©gions de distinguent dâ€™une faÃ§on Ã©tonnante. AprÃ¨s avoir y reflÃ©chir, je peux Ã©viter de prendre mes habitudes comme la seule rÃ¨gle, et approfondir ma comprÃ©hension de la valeur des vies continuellement. Ainsi, un voyage est non seulement une opportunitÃ© dâ€™oublier la routine ennuyeuse, mais aussi une activitÃ© philosophique pour moi. A fortiori, profiter de la gastronomie territoriales et enchanter avec le paysage naturel sont juste suffisants pour Ãªtre agrÃ©able. Câ€™est pourquoi je prÃ©fÃ¨re voyager en vacances.","La lecture, pour me cultiver et chercher la paix intÃ©rieure. Le sports, pour rester en forme et garder le corps en bonne santÃ©. Les jeux vidÃ©o, pour Ã©vacuer les Ã©motions nÃ©gatives en tuant des boss malÃ©fiques."
ENFP,E,S,F,P,"Si c'est possible, je prÃ©fÃ¨re d'avoir trois jours de week-end que de prendre des vacances d'hiver et d'Ã©tÃ©. DÃ©jÃ , j'aime pas trop le voyage, puisque j'aime pas les plans, et le voyage c'est plus fatiguant que intÃ©ressant, donc j'ai pas besoin de longues vacances pour faire du voyage. Et puis, comme j'ai pas de plan, les longues vacances sont pour moi du gaspillage de temps, je vais les passer sans rien faire, mais jouer au smartphone dans mon lit ou dans le canapÃ©. Il vaut mieux avoir trois jours de week-end, quand c'est court, je sais chÃ©rir le temps et je peux faire le plan et mettre en oeuvre. Je suis plus motivÃ©e pour faire du nettoyage ou du sport ou Ã©tudier.","jouer au mahjong, nager, lire des romans sur Internet. J'aime aussi jouer au volley, mais comme maintenant je suis Ã  l'Ã©tranger, loin de mes amis et de mon Ã©quipe, j'ai tendance Ã  faire des choses que nous pouvons faire toute seule. Sinon, j'aimerais bien jouer au volley ou bien sortir avec mes amis."
ESFJ,I,S,F,J,"rester Ã  la maison ou aller chercher mes amies proches. si les vacances sont assez longues, je veux aussi voyager",me coucher ou jouer avec mon tÃ©lÃ©phone ou faire un bon repas pour moi-mÃªme
ENTP,I,N,T,J,"Pendant les vacances, j'aime peindre Ã  la maison, ou me retrouver avec trois ou cinq amis pour aller dans des vides greniers, ou parfois aller chez un ami pour dÃ®ner et discuter. Si les vacances sont assez longues, je peux prÃ©voir un voyage lointain, ce qui est toujours agrÃ©able, que ce soit seule ou avec des amis et des proches.","Mes activitÃ©s prÃ©fÃ©rÃ©es sont la lecture et l'exercice, car je pense que la lecture permet Ã  mon esprit de faire de l'exercice et que l'exercice permet Ã  mon corps de rester en bonne condition. Chaque soir, avant d'aller me coucher, je prends un livre Ã©lectronique et je lis pendant un certain temps, parfois des livres Ã©conomiques, parfois des romans, et s'il s'agit d'un livre de science et de technologie, je peux m'endormir en un rien de temps, et je n'ai mÃªme pas besoin de mÃ©latonine. L'exercice physique m'aide Ã©galement Ã  passer une bonne nuit de sommeil et Ã  me rÃ©veiller le lendemain plein d'Ã©nergie."
ISFJ,I,N,F,J,"Je lis Ã  la maison la plus part du temps, et je retrouve mes amis. Quelquefois je sors seul pour manger de bons plats.",La lecture et le film. Je prÃ©fÃ¨re passer le temps tranquillement.
ENFP,I,N,F,P,romantique et libre - au bord de la mer; avec mon amour ou quelques amis,Ã€ Aranya
INFP,I,N,F,P,Allonger Ã  la plage en Ã©tÃ©; ski en hier; thekking sauf hiver,"Les activitÃ©s dans la nature, car la neture me permet de dÃ©stresser"
ISTJ,I,S,T,P,J'aime bien visiter les parcs et musÃ©es. C'est bien pour ma santÃ© mentale et un bon moyen pour apprendre et Ã©couter moi-mÃªme.,Je prÃ©fÃ¨re jouer aux jeux vidÃ©os pour tuer le temps et apprÃ©cier l'art et l'histoire que ces jeux ont exprimÃ©e.
INFP,I,N,F,P,"Si les vacances sont longues, jâ€™aime passer quelques jours Ã  voyager, et le reste du temps, je reste Ã  la maison pour me reposer, me divertir et me rÃ©veiller tard tous les jours. Parce que j'aime visiter d'autres villes pour voir les paysages et manger des plats locaux, mais en mÃªme temps, rester Ã  la maison me permet de me dÃ©tendre et de rÃ©cupÃ©rer de l'Ã©nergie.","Regarder les plateformes de mÃ©dias sociaux tels que Weibo, Petit Livre Rouge. Reconstituer des puzzles et jouer aux jeux vidÃ©. Parce que je peux faire ces choses seul dans ma chambre et me reposer en mÃªme temps."
ENTP,E,N,T,P,Voyager dans une semaine sera fatigant pendant trop longtemps.,"J'aime la peinture, la natation et le tennis, et je peux constamment penser et amÃ©liorer en faisant ces choses."
ESFJ,E,N,F,P,Je prÃ©fÃ¨re mâ€™amuser avec mes amis ï¼ Surtout faire un voyage ï¼ Il faut profiter le temps pour bien sâ€™amuser ï¼hhh,"Sortir avec les amis, regarder des films"
ENTJ,I,N,T,J,"Une journÃ©e pour gÃ©rer le travail dur, une journÃ©e pour les voyages commando, une journÃ©e pour se coucher Ã  la maison pour cuisiner tranquillement,","Cuisiner, couper des vidÃ©os, voyager"
ENFP,E,N,F,J,"Voyager pendant les vacances â• PrÃ©voir du temps pour Ã©tudier. Je choisis de voyager quand j'en ai l'occasion, mais je planifie aussi mon emploi du temps d'Ã©tude et je termine mes devoirs. J'aime sortir davantage, je ne veux pas rester Ã  la maison. Cependant, les Ã©tudes sont trÃ¨s importantes, alors je planifie bien mon temps et je laisse du temps pour les Ã©tudes. Je trouverai quelque chose Ã  faire pendant les vacances, je ne resterai pas simplement Ã  la maison.","Le ski, le skateboard, la moto. Ces sports vous permettent d'oublier vos soucis. PoussÃ©e d'adrÃ©naline rapide. J'aime la sensation de vitesse. J'aime aussi faire de l'artisanat. Puzzles, Lego, etc. J'aime le sentiment d'accomplissement lorsque j'ai terminÃ©."
ENFP,I,N,F,P,La baigne de springâ€™ jâ€™adore de lâ€™eau et la naturel,La vue de paysages
ENFP,E,N,F,P,"Play computer games(such as ns, ps5) with family members or friends; date with friends(sorry I canâ€™t write in French)",Chat with friends or family members
ESFJ,E,N,F,J,"J'aime des vacances avec une libertÃ© absolue, pas de tÃ¢ches supplÃ©mentaires, pas besoin de penser Ã  mon avenir et pas de pression pour travailler et Ã©tudier. Si possible, j'aimerais beaucoup que mes vacances soient Ã©panouissantes et que je participe Ã  divers types d'activitÃ©s telles que le chant, la danse, le sport avec des amis, le shopping, les voyages, etc","Chanter, danser, cuisinier, voyager, regarder des films et des programmes de diversitÃ©s, dormir sont mes passe-temps prÃ©fÃ©rÃ©s. Pas de raison explicite, c'est juste tous ces passe-temps me dÃ©tendre."
INTJ,I,N,F,P,"Dormez, dessinez, lisez, apprenez une nouvelle langue et pratiquez la flÃ»te. Passez l'examen du permis de conduire, passez le test. pas vraiment eu de raison","Regardez des jeux d'horreur en direct quand il pleut.Si possible, allumez un bÃ¢ton de bois de santal et vous vous sentirez alors heureux"
INFJ,I,N,F,P,voyage ou rester chez moi ï¼,"Film, lorsque je regarde les films jâ€™oubliais la souffrance de la vie ï¼ Hahaha je prÃ©fÃ¨re lire quelques choses, car cela me permettrait de relÃ¢cher lâ€™esprit et favoriser mes connaissancesâ€¦"
ESTJ,E,S,T,J,"Sortir avec des amis qui forment une Ã©quipe bien Ã©quilibrÃ©e. Au sein de lâ€™Ã©quipe, il y a celui qui conduit, celui qui cuisine, celui qui organise, et celui qui est empathique et qui peut agir en cas de disputes. On planifie les activitÃ©s principales de chaque jour tout en Ã©tant flexible sur les dÃ©tails.","Rester chez moi quand je suis fatiguÃ©e, sinon me faire de nouveaux amis, essayer de nouvelles choses, voyager dans de diffÃ©rents endroits, pour dÃ©couvrir le monde et moi-mÃªme. Ici je veux aussi briser un stÃ©rÃ©otype: je ne veux pas faire des heures supplÃ©mentaires et le travail nâ€™est pas tout pour moi. Au contraire, il est juste un moyen de crÃ©er des valeurs pour lâ€™entreprise ou pour la sociÃ©tÃ© idÃ©alement, et si cet objectif est atteint, on se sent valorisÃ©, on est rechargÃ©, et on peut vivre mieux aprÃ¨s le travail."
ENFJ,I,N,F,P,"Jâ€™aime bien trouver des lieux pas trÃ¨s populaires, et les alimentaires locaux. Jâ€™aime bien voir les gens locaux, leur habitude etc","Les vacances Ã  lâ€™Ã©tranger, un lieu personne ne me connaÃ®t. Le pÃ©riode sans boulot , sans client"
ISTP,E,S,F,P,"Jâ€™aime bien les vacances chills. Jâ€™aime bien aller dans une petite ville Ã  cÃ´tÃ© de la plage, je peux aller visiter cette ville ou passer du temps tranquille sur la plage. Parce que jâ€™aime bien la plage et je profite bien de visiter une nouvelle ville, je trouve que chaque ville a toujours une ambiance diffÃ©rente. Si je ne fais pas de voyage pendant mes vacances, jâ€™aime bien passer plus de temps Ã  faire du  je passe aussi longtemps Ã  la maison. Et je peux avoir le temps de lire des livres et de regarder des mangas. Je peux profiter du temps pour faire des choses que je nâ€™ai gÃ©nÃ©ralement pas le temps de faire comme faire des cocktails","Normalement jâ€™aime bien rester Ã  la maison et passer du temps tranquillement, je peux regarder des sÃ©ries, des animes, et des films qui m'intÃ©ressent, je pense que cela mâ€™aider Ã  rÃ©cupÃ©rer des Ã©nergies, je me soulage beaucoup.  Et jâ€™aime aussi sortir avec des amis et faire du sport parfois. Par exemple, quand je fais du skateboard Ã  des skateparks, c'est intÃ©ressant de croiser des gens trÃ¨s diffÃ©rents.  Jâ€™aime aussi le shopping en ligne, je trouve cela plus convivial et je peux parcourir beaucoup de marques qui m'intÃ©ressent trÃ¨s vite."
ISTJ,I,S,T,J,"Si j'ai plus ou moins un mois pour les vacances, je vais probablement aller visiter des sites touristiques tout seul ou avec mes amis ou famille. Mais dans la plupart de cas, je prÃ©fÃ¨re de rester chez moi pour respirer un peu tranquillement. ","Je vais rester Ã  la maison pour Ã©couter de la musique, jouer aux jeux vidÃ©o, etc. Et parfois je fais une promenade dans le petit jardin prÃ¨s de chez moi. Les activitÃ©s en groupe ne m'intÃ©ressent pas trop."
INFP,I,N,F,P,"Partir en vacances avec quelques amis, dans une maisonâ€¦ Ne pas faire grand chose, visiter, se balader, se reposer, vraiment le fait de vivre ensemble Ã  plusieurs, sans faire la fÃªteâ€¦","Je prÃ©fÃ¨re Ã©couter de la musique, lire, jouer aux jeux vidÃ©os avec des amis, ou sortir me balader avec des amis : ces passe temps me permettent de me couper du monde ou de passer du bon temps avec des amis"
